State,Year,Station,Men,Women,MenN,WomenN
AGU,2008,fall,0,0,0.0,0.0
AGU,2008,spring,0,0,0.0,0.0
AGU,2008,summer,0,0,0.0,0.0
AGU,2008,winter,0,0,0.0,0.0
AGU,2009,fall,0,0,0.0,0.0
AGU,2009,spring,0,0,0.0,0.0
AGU,2009,summer,0,0,0.0,0.0
AGU,2009,winter,0,0,0.0,0.0
AGU,2010,fall,0,0,0.0,0.0
AGU,2010,spring,0,0,0.0,0.0
AGU,2010,summer,0,0,0.0,0.0
AGU,2010,winter,0,0,0.0,0.0
AGU,2011,fall,-1,0,-1.73419025454e-06,0.0
AGU,2011,spring,0,0,0.0,0.0
AGU,2011,summer,-3,0,-5.20257076363e-06,0.0
AGU,2011,winter,0,0,0.0,0.0
AGU,2012,fall,0,0,0.0,0.0
AGU,2012,spring,0,0,0.0,0.0
AGU,2012,summer,0,0,0.0,0.0
AGU,2012,winter,0,0,0.0,0.0
AGU,2013,fall,-1,0,-1.73419025454e-06,0.0
AGU,2013,spring,0,0,0.0,0.0
AGU,2013,summer,-3,0,-5.20257076363e-06,0.0
AGU,2013,winter,0,0,0.0,0.0
AGU,2014,fall,0,0,0.0,0.0
AGU,2014,spring,0,0,0.0,0.0
AGU,2014,summer,0,0,0.0,0.0
AGU,2014,winter,0,0,0.0,0.0
AGU,2015,fall,0,0,0.0,0.0
AGU,2015,spring,0,0,0.0,0.0
AGU,2015,summer,0,0,0.0,0.0
AGU,2015,winter,0,0,0.0,0.0
AGU,2016,spring,0,0,0.0,0.0
AGU,2016,winter,0,0,0.0,0.0
BCN,2008,fall,0,0,0.0,0.0
BCN,2008,spring,0,0,0.0,0.0
BCN,2008,summer,0,0,0.0,0.0
BCN,2008,winter,0,0,0.0,0.0
BCN,2009,fall,0,0,0.0,0.0
BCN,2009,spring,0,0,0.0,0.0
BCN,2009,summer,0,0,0.0,0.0
BCN,2009,winter,0,0,0.0,0.0
BCN,2010,fall,0,0,0.0,0.0
BCN,2010,spring,0,0,0.0,0.0
BCN,2010,summer,0,0,0.0,0.0
BCN,2010,winter,0,0,0.0,0.0
BCN,2011,fall,0,0,0.0,0.0
BCN,2011,spring,0,0,0.0,0.0
BCN,2011,summer,0,0,0.0,0.0
BCN,2011,winter,0,0,0.0,0.0
BCN,2012,fall,0,0,0.0,0.0
BCN,2012,spring,0,0,0.0,0.0
BCN,2012,summer,0,0,0.0,0.0
BCN,2012,winter,0,0,0.0,0.0
BCN,2013,fall,0,0,0.0,0.0
BCN,2013,spring,0,0,0.0,0.0
BCN,2013,summer,0,0,0.0,0.0
BCN,2013,winter,0,0,0.0,0.0
BCN,2014,fall,-1,-1,-6.28294619913e-07,-6.39607025444e-07
BCN,2014,spring,0,0,0.0,0.0
BCN,2014,summer,0,0,0.0,0.0
BCN,2014,winter,0,0,0.0,0.0
BCN,2015,fall,-1,0,-6.28294619913e-07,0.0
BCN,2015,spring,0,0,0.0,0.0
BCN,2015,summer,0,0,0.0,0.0
BCN,2015,winter,0,0,0.0,0.0
BCN,2016,spring,0,0,0.0,0.0
BCN,2016,winter,0,0,0.0,0.0
BCS,2008,fall,0,0,0.0,0.0
BCS,2008,spring,-1,0,-3.07282912305e-06,0.0
BCS,2008,summer,0,0,0.0,0.0
BCS,2008,winter,0,0,0.0,0.0
BCS,2009,fall,0,0,0.0,0.0
BCS,2009,spring,0,0,0.0,0.0
BCS,2009,summer,0,0,0.0,0.0
BCS,2009,winter,0,0,0.0,0.0
BCS,2010,fall,7,13,2.15098038613e-05,4.17210912954e-05
BCS,2010,spring,0,2,0.0,6.41862943006e-06
BCS,2010,summer,0,3,0.0,9.62794414509e-06
BCS,2010,winter,0,0,0.0,0.0
BCS,2011,fall,5,7,1.53641456152e-05,2.24652030052e-05
BCS,2011,spring,0,0,0.0,0.0
BCS,2011,summer,0,0,0.0,0.0
BCS,2011,winter,-1,0,-3.07282912305e-06,0.0
BCS,2012,fall,0,0,0.0,0.0
BCS,2012,spring,0,0,0.0,0.0
BCS,2012,summer,0,0,0.0,0.0
BCS,2012,winter,0,0,0.0,0.0
BCS,2013,fall,5,7,1.53641456152e-05,2.24652030052e-05
BCS,2013,spring,0,0,0.0,0.0
BCS,2013,summer,0,0,0.0,0.0
BCS,2013,winter,0,0,0.0,0.0
BCS,2014,fall,46,53,0.00014135013966,0.00017009367989700001
BCS,2014,spring,0,0,0.0,0.0
BCS,2014,summer,-7,-5,-2.15098038613e-05,-1.60465735751e-05
BCS,2014,winter,0,-7,0.0,-2.24652030052e-05
BCS,2015,fall,2,3,6.1456582460900005e-06,9.62794414509e-06
BCS,2015,spring,0,0,0.0,0.0
BCS,2015,summer,0,0,0.0,0.0
BCS,2015,winter,0,0,0.0,0.0
BCS,2016,spring,0,-12,0.0,-3.85117765803e-05
BCS,2016,winter,0,0,0.0,0.0
CAM,2008,fall,0,0,0.0,0.0
CAM,2008,spring,-4,-1,-9.81063030847e-06,-2.4112654321e-06
CAM,2008,summer,0,0,0.0,0.0
CAM,2008,winter,0,0,0.0,0.0
CAM,2009,fall,-30,0,-7.35797273135e-05,0.0
CAM,2009,spring,0,0,0.0,0.0
CAM,2009,summer,0,0,0.0,0.0
CAM,2009,winter,0,0,0.0,0.0
CAM,2010,fall,0,0,0.0,0.0
CAM,2010,spring,-1,0,-2.45265757712e-06,0.0
CAM,2010,summer,0,0,0.0,0.0
CAM,2010,winter,0,0,0.0,0.0
CAM,2011,fall,0,0,0.0,0.0
CAM,2011,spring,0,0,0.0,0.0
CAM,2011,summer,0,0,0.0,0.0
CAM,2011,winter,0,0,0.0,0.0
CAM,2012,fall,0,0,0.0,0.0
CAM,2012,spring,0,0,0.0,0.0
CAM,2012,summer,0,0,0.0,0.0
CAM,2012,winter,0,0,0.0,0.0
CAM,2013,fall,0,0,0.0,0.0
CAM,2013,spring,0,0,0.0,0.0
CAM,2013,summer,0,0,0.0,0.0
CAM,2013,winter,0,0,0.0,0.0
CAM,2014,fall,0,0,0.0,0.0
CAM,2014,spring,0,0,0.0,0.0
CAM,2014,summer,-5,-94,-1.22632878856e-05,-0.00022665895061700002
CAM,2014,winter,0,-1,0.0,-2.4112654321e-06
CAM,2015,fall,0,0,0.0,0.0
CAM,2015,spring,0,0,0.0,0.0
CAM,2015,summer,0,0,0.0,0.0
CAM,2015,winter,0,-2,0.0,-4.8225308642e-06
CAM,2016,spring,0,0,0.0,0.0
CAM,2016,winter,0,0,0.0,0.0
CHH,2008,fall,0,-1,0.0,-5.83457804332e-07
CHH,2008,spring,-1,0,-5.90826240957e-07,0.0
CHH,2008,summer,0,0,0.0,0.0
CHH,2008,winter,0,0,0.0,0.0
CHH,2009,fall,0,0,0.0,0.0
CHH,2009,spring,0,0,0.0,0.0
CHH,2009,summer,0,0,0.0,0.0
CHH,2009,winter,0,0,0.0,0.0
CHH,2010,fall,0,0,0.0,0.0
CHH,2010,spring,0,0,0.0,0.0
CHH,2010,summer,0,0,0.0,0.0
CHH,2010,winter,0,0,0.0,0.0
CHH,2011,fall,0,0,0.0,0.0
CHH,2011,spring,0,-1,0.0,-5.83457804332e-07
CHH,2011,summer,0,0,0.0,0.0
CHH,2011,winter,0,0,0.0,0.0
CHH,2012,fall,0,0,0.0,0.0
CHH,2012,spring,0,0,0.0,0.0
CHH,2012,summer,0,0,0.0,0.0
CHH,2012,winter,0,0,0.0,0.0
CHH,2013,fall,0,0,0.0,0.0
CHH,2013,spring,0,-1,0.0,-5.83457804332e-07
CHH,2013,summer,0,0,0.0,0.0
CHH,2013,winter,0,0,0.0,0.0
CHH,2014,fall,0,0,0.0,0.0
CHH,2014,spring,0,0,0.0,0.0
CHH,2014,summer,0,0,0.0,0.0
CHH,2014,winter,0,-1,0.0,-5.83457804332e-07
CHH,2015,fall,0,0,0.0,0.0
CHH,2015,spring,0,0,0.0,0.0
CHH,2015,summer,0,0,0.0,0.0
CHH,2015,winter,0,0,0.0,0.0
CHH,2016,spring,0,0,0.0,0.0
CHH,2016,winter,0,0,0.0,0.0
CHP,2008,fall,4,1,1.70009694803e-06,4.092033098e-07
CHP,2008,spring,0,1,0.0,4.092033098e-07
CHP,2008,summer,13,9,5.52531508109e-06,3.6828297882e-06
CHP,2008,winter,0,0,0.0,0.0
CHP,2009,fall,0,0,0.0,0.0
CHP,2009,spring,1,1,4.2502423700700003e-07,4.092033098e-07
CHP,2009,summer,1,0,4.2502423700700003e-07,0.0
CHP,2009,winter,0,0,0.0,0.0
CHP,2010,fall,0,0,0.0,0.0
CHP,2010,spring,-1,0,-4.2502423700700003e-07,0.0
CHP,2010,summer,2,3,8.500484740140001e-07,1.2276099294e-06
CHP,2010,winter,0,0,0.0,0.0
CHP,2011,fall,9,8,3.82521813306e-06,3.2736264784e-06
CHP,2011,spring,2,2,8.500484740140001e-07,8.184066196e-07
CHP,2011,summer,10,12,4.250242370069999e-06,4.9104397176e-06
CHP,2011,winter,0,0,0.0,0.0
CHP,2012,fall,-1008,0,-0.000428424430903,0.0
CHP,2012,spring,0,1,0.0,4.092033098e-07
CHP,2012,summer,12,23,5.10029084409e-06,9.4116761254e-06
CHP,2012,winter,0,-12,0.0,-4.9104397176e-06
CHP,2013,fall,9,8,3.82521813306e-06,3.2736264784e-06
CHP,2013,spring,2,2,8.500484740140001e-07,8.184066196e-07
CHP,2013,summer,10,12,4.250242370069999e-06,4.9104397176e-06
CHP,2013,winter,0,0,0.0,0.0
CHP,2014,fall,6,7,2.55014542204e-06,2.8644231686e-06
CHP,2014,spring,1,2,4.2502423700700003e-07,8.184066196e-07
CHP,2014,summer,-8,-11,-3.40019389606e-06,-4.5012364078e-06
CHP,2014,winter,0,-9,0.0,-3.6828297882e-06
CHP,2015,fall,1,-551,4.2502423700700003e-07,-0.0002254710237
CHP,2015,spring,2,6,8.500484740140001e-07,2.4552198588e-06
CHP,2015,summer,4,6,1.70009694803e-06,2.4552198588e-06
CHP,2015,winter,0,0,0.0,0.0
CHP,2016,spring,0,0,0.0,0.0
CHP,2016,winter,0,0,0.0,0.0
COA,2008,fall,0,0,0.0,0.0
COA,2008,spring,0,0,0.0,0.0
COA,2008,summer,0,0,0.0,0.0
COA,2008,winter,0,0,0.0,0.0
COA,2009,fall,0,0,0.0,0.0
COA,2009,spring,0,0,0.0,0.0
COA,2009,summer,0,0,0.0,0.0
COA,2009,winter,0,-85,0.0,-6.14075772616e-05
COA,2010,fall,0,0,0.0,0.0
COA,2010,spring,0,0,0.0,0.0
COA,2010,summer,0,0,0.0,0.0
COA,2010,winter,0,0,0.0,0.0
COA,2011,fall,0,0,0.0,0.0
COA,2011,spring,0,0,0.0,0.0
COA,2011,summer,0,0,0.0,0.0
COA,2011,winter,0,0,0.0,0.0
COA,2012,fall,0,0,0.0,0.0
COA,2012,spring,0,0,0.0,0.0
COA,2012,summer,0,0,0.0,0.0
COA,2012,winter,0,0,0.0,0.0
COA,2013,fall,0,0,0.0,0.0
COA,2013,spring,0,0,0.0,0.0
COA,2013,summer,0,0,0.0,0.0
COA,2013,winter,0,0,0.0,0.0
COA,2014,fall,0,0,0.0,0.0
COA,2014,spring,0,0,0.0,0.0
COA,2014,summer,-1,-2,-7.3303195946e-07,-1.44488417086e-06
COA,2014,winter,0,0,0.0,0.0
COA,2015,fall,0,0,0.0,0.0
COA,2015,spring,0,0,0.0,0.0
COA,2015,summer,0,0,0.0,0.0
COA,2015,winter,0,0,0.0,0.0
COA,2016,spring,0,0,0.0,0.0
COA,2016,winter,0,0,0.0,0.0
COL,2008,fall,0,0,0.0,0.0
COL,2008,spring,-3,0,-9.29396821463e-06,0.0
COL,2008,summer,0,0,0.0,0.0
COL,2008,winter,-3,-924,-9.29396821463e-06,-0.0028190929476900003
COL,2009,fall,0,0,0.0,0.0
COL,2009,spring,6,1,1.85879364293e-05,3.0509663936099997e-06
COL,2009,summer,12,13,3.71758728585e-05,3.96625631169e-05
COL,2009,winter,-5,0,-1.54899470244e-05,0.0
COL,2010,fall,0,0,0.0,0.0
COL,2010,spring,0,0,0.0,0.0
COL,2010,summer,1,1,3.09798940488e-06,3.0509663936099997e-06
COL,2010,winter,0,0,0.0,0.0
COL,2011,fall,16,25,4.9567830477999996e-05,7.62741598401e-05
COL,2011,spring,3,3,9.29396821463e-06,9.15289918082e-06
COL,2011,summer,6,8,1.85879364293e-05,2.44077311488e-05
COL,2011,winter,0,0,0.0,0.0
COL,2012,fall,0,0,0.0,0.0
COL,2012,spring,0,0,0.0,0.0
COL,2012,summer,0,-1,0.0,-3.0509663936099997e-06
COL,2012,winter,0,0,0.0,0.0
COL,2013,fall,16,25,4.9567830477999996e-05,7.62741598401e-05
COL,2013,spring,3,3,9.29396821463e-06,9.15289918082e-06
COL,2013,summer,6,8,1.85879364293e-05,2.44077311488e-05
COL,2013,winter,0,0,0.0,0.0
COL,2014,fall,1,3,3.09798940488e-06,9.15289918082e-06
COL,2014,spring,0,0,0.0,0.0
COL,2014,summer,-8,-8,-2.4783915238999998e-05,-2.44077311488e-05
COL,2014,winter,0,-6,0.0,-1.83057983616e-05
COL,2015,fall,0,0,0.0,0.0
COL,2015,spring,-15,4,-4.64698410731e-05,1.22038655744e-05
COL,2015,summer,4,9,1.23919576195e-05,2.74586975424e-05
COL,2015,winter,0,0,0.0,0.0
COL,2016,spring,0,0,0.0,0.0
COL,2016,winter,0,0,0.0,0.0
DIF,2008,fall,0,0,0.0,0.0
DIF,2008,spring,0,0,0.0,0.0
DIF,2008,summer,0,0,0.0,0.0
DIF,2008,winter,0,0,0.0,0.0
DIF,2009,fall,0,0,0.0,0.0
DIF,2009,spring,0,0,0.0,0.0
DIF,2009,summer,0,0,0.0,0.0
DIF,2009,winter,0,0,0.0,0.0
DIF,2010,fall,0,0,0.0,0.0
DIF,2010,spring,0,0,0.0,0.0
DIF,2010,summer,0,0,0.0,0.0
DIF,2010,winter,0,0,0.0,0.0
DIF,2011,fall,0,0,0.0,0.0
DIF,2011,spring,0,0,0.0,0.0
DIF,2011,summer,0,0,0.0,0.0
DIF,2011,winter,0,0,0.0,0.0
DIF,2012,fall,0,0,0.0,0.0
DIF,2012,spring,0,0,0.0,0.0
DIF,2012,summer,0,0,0.0,0.0
DIF,2012,winter,0,0,0.0,0.0
DIF,2013,fall,0,0,0.0,0.0
DIF,2013,spring,0,0,0.0,0.0
DIF,2013,summer,0,0,0.0,0.0
DIF,2013,winter,0,0,0.0,0.0
DIF,2014,fall,0,0,0.0,0.0
DIF,2014,spring,0,0,0.0,0.0
DIF,2014,summer,0,0,0.0,0.0
DIF,2014,winter,0,0,0.0,0.0
DIF,2015,fall,0,0,0.0,0.0
DIF,2015,spring,0,0,0.0,0.0
DIF,2015,summer,0,0,0.0,0.0
DIF,2015,winter,0,0,0.0,0.0
DIF,2016,spring,0,0,0.0,0.0
DIF,2016,winter,0,0,0.0,0.0
DUR,2008,fall,0,0,0.0,0.0
DUR,2008,spring,0,0,0.0,0.0
DUR,2008,summer,0,0,0.0,0.0
DUR,2008,winter,0,0,0.0,0.0
DUR,2009,fall,-1695,-1859,-0.00210849743124,-0.0022423417816199998
DUR,2009,spring,0,0,0.0,0.0
DUR,2009,summer,0,0,0.0,0.0
DUR,2009,winter,0,0,0.0,0.0
DUR,2010,fall,0,0,0.0,0.0
DUR,2010,spring,0,0,0.0,0.0
DUR,2010,summer,0,0,0.0,0.0
DUR,2010,winter,0,0,0.0,0.0
DUR,2011,fall,0,0,0.0,0.0
DUR,2011,spring,0,0,0.0,0.0
DUR,2011,summer,0,0,0.0,0.0
DUR,2011,winter,0,0,0.0,0.0
DUR,2012,fall,0,0,0.0,0.0
DUR,2012,spring,0,0,0.0,0.0
DUR,2012,summer,0,0,0.0,0.0
DUR,2012,winter,0,0,0.0,0.0
DUR,2013,fall,0,0,0.0,0.0
DUR,2013,spring,0,0,0.0,0.0
DUR,2013,summer,0,0,0.0,0.0
DUR,2013,winter,0,0,0.0,0.0
DUR,2014,fall,0,0,0.0,0.0
DUR,2014,spring,0,0,0.0,0.0
DUR,2014,summer,-3,0,-3.7318538606e-06,0.0
DUR,2014,winter,0,0,0.0,0.0
DUR,2015,fall,0,0,0.0,0.0
DUR,2015,spring,0,0,0.0,0.0
DUR,2015,summer,0,0,0.0,0.0
DUR,2015,winter,0,0,0.0,0.0
DUR,2016,spring,0,0,0.0,0.0
DUR,2016,winter,0,0,0.0,0.0
GRO,2008,fall,-993,-969,-0.000603441622644,-0.000555872022083
GRO,2008,spring,2,3,1.21539098216e-06,1.7209660126400002e-06
GRO,2008,summer,10,29,6.07695491082e-06,1.66360047889e-05
GRO,2008,winter,0,0,0.0,0.0
GRO,2009,fall,-45,0,-2.73462970987e-05,0.0
GRO,2009,spring,6,5,3.6461729464900003e-06,2.86827668774e-06
GRO,2009,summer,5,11,3.03847745541e-06,6.31020871302e-06
GRO,2009,winter,0,0,0.0,0.0
GRO,2010,fall,0,0,0.0,0.0
GRO,2010,spring,10,11,6.07695491082e-06,6.31020871302e-06
GRO,2010,summer,34,30,2.06616466968e-05,1.72096601264e-05
GRO,2010,winter,0,0,0.0,0.0
GRO,2011,fall,10,-77,6.07695491082e-06,-4.41714609912e-05
GRO,2011,spring,1,4,6.07695491082e-07,2.2946213501900003e-06
GRO,2011,summer,8,7,4.86156392865e-06,4.015587362830001e-06
GRO,2011,winter,0,0,0.0,0.0
GRO,2012,fall,0,0,0.0,0.0
GRO,2012,spring,0,1,0.0,5.73655337547e-07
GRO,2012,summer,17,29,1.03308233484e-05,1.66360047889e-05
GRO,2012,winter,0,0,0.0,0.0
GRO,2013,fall,10,9,6.07695491082e-06,5.16289803793e-06
GRO,2013,spring,1,4,6.07695491082e-07,2.2946213501900003e-06
GRO,2013,summer,8,7,4.86156392865e-06,4.015587362830001e-06
GRO,2013,winter,0,0,0.0,0.0
GRO,2014,fall,-74,-175,-4.49694663401e-05,-0.000100389684071
GRO,2014,spring,0,0,0.0,0.0
GRO,2014,summer,-17,-18,-1.03308233484e-05,-1.03257960759e-05
GRO,2014,winter,1,0,6.07695491082e-07,0.0
GRO,2015,fall,0,-178,0.0,-0.00010211065008299999
GRO,2015,spring,3,8,1.82308647325e-06,4.5892427003800005e-06
GRO,2015,summer,4,4,2.43078196433e-06,2.2946213501900003e-06
GRO,2015,winter,1,0,6.07695491082e-07,0.0
GRO,2016,spring,-195,4,-0.00011850062076100001,2.2946213501900003e-06
GRO,2016,winter,2,1,1.21539098216e-06,5.73655337547e-07
GUA,2008,fall,0,0,0.0,0.0
GUA,2008,spring,0,0,0.0,0.0
GUA,2008,summer,0,0,0.0,0.0
GUA,2008,winter,0,0,0.0,0.0
GUA,2009,fall,0,0,0.0,0.0
GUA,2009,spring,0,0,0.0,0.0
GUA,2009,summer,0,0,0.0,0.0
GUA,2009,winter,0,0,0.0,0.0
GUA,2010,fall,0,0,0.0,0.0
GUA,2010,spring,0,0,0.0,0.0
GUA,2010,summer,0,-1,0.0,-3.51253465555e-07
GUA,2010,winter,0,0,0.0,0.0
GUA,2011,fall,0,0,0.0,0.0
GUA,2011,spring,0,0,0.0,0.0
GUA,2011,summer,0,0,0.0,0.0
GUA,2011,winter,0,0,0.0,0.0
GUA,2012,fall,0,0,0.0,0.0
GUA,2012,spring,0,0,0.0,0.0
GUA,2012,summer,0,0,0.0,0.0
GUA,2012,winter,0,0,0.0,0.0
GUA,2013,fall,0,0,0.0,0.0
GUA,2013,spring,0,0,0.0,0.0
GUA,2013,summer,0,0,0.0,0.0
GUA,2013,winter,0,0,0.0,0.0
GUA,2014,fall,-1,0,-3.7887039790900004e-07,0.0
GUA,2014,spring,0,0,0.0,0.0
GUA,2014,summer,-3,-3,-1.13661119373e-06,-1.0537603966600001e-06
GUA,2014,winter,0,-13,0.0,-4.56629505221e-06
GUA,2015,fall,-1,-1,-3.7887039790900004e-07,-3.51253465555e-07
GUA,2015,spring,0,0,0.0,0.0
GUA,2015,summer,0,0,0.0,0.0
GUA,2015,winter,-1,0,-3.7887039790900004e-07,0.0
GUA,2016,spring,0,0,0.0,0.0
GUA,2016,winter,0,0,0.0,0.0
HID,2008,fall,0,0,0.0,0.0
HID,2008,spring,0,0,0.0,0.0
HID,2008,summer,0,0,0.0,0.0
HID,2008,winter,0,0,0.0,0.0
HID,2009,fall,0,0,0.0,0.0
HID,2009,spring,0,0,0.0,0.0
HID,2009,summer,3,9,2.33422708295e-06,6.52270335615e-06
HID,2009,winter,0,0,0.0,0.0
HID,2010,fall,-1,0,-7.78075694316e-07,0.0
HID,2010,spring,0,0,0.0,0.0
HID,2010,summer,0,0,0.0,0.0
HID,2010,winter,0,0,0.0,0.0
HID,2011,fall,0,0,0.0,0.0
HID,2011,spring,0,0,0.0,0.0
HID,2011,summer,3,4,2.33422708295e-06,2.8989792694e-06
HID,2011,winter,0,0,0.0,0.0
HID,2012,fall,0,0,0.0,0.0
HID,2012,spring,-1,0,-7.78075694316e-07,0.0
HID,2012,summer,0,1,0.0,7.2474481735e-07
HID,2012,winter,0,0,0.0,0.0
HID,2013,fall,-9,0,-7.00268124884e-06,0.0
HID,2013,spring,0,0,0.0,0.0
HID,2013,summer,3,4,2.33422708295e-06,2.8989792694e-06
HID,2013,winter,0,0,0.0,0.0
HID,2014,fall,-1,0,-7.78075694316e-07,0.0
HID,2014,spring,0,0,0.0,0.0
HID,2014,summer,-2,-4,-1.5561513886299999e-06,-2.8989792694e-06
HID,2014,winter,0,0,0.0,0.0
HID,2015,fall,0,0,0.0,0.0
HID,2015,spring,0,0,0.0,0.0
HID,2015,summer,0,0,0.0,0.0
HID,2015,winter,0,0,0.0,0.0
HID,2016,spring,0,0,0.0,0.0
HID,2016,winter,0,0,0.0,0.0
JAL,2008,fall,-7,-502,-1.94409828694e-06,-0.000133865203074
JAL,2008,spring,0,0,0.0,0.0
JAL,2008,summer,0,0,0.0,0.0
JAL,2008,winter,0,0,0.0,0.0
JAL,2009,fall,-121,20,-3.36051275315e-05,5.33327502286e-06
JAL,2009,spring,0,0,0.0,0.0
JAL,2009,summer,3,6,8.331849801189999e-07,1.59998250686e-06
JAL,2009,winter,0,0,0.0,0.0
JAL,2010,fall,0,0,0.0,0.0
JAL,2010,spring,2,2,5.55456653413e-07,5.33327502286e-07
JAL,2010,summer,5,3,1.38864163353e-06,7.99991253429e-07
JAL,2010,winter,0,0,0.0,0.0
JAL,2011,fall,25,28,6.943208167660001e-06,7.4665850320000006e-06
JAL,2011,spring,1,2,2.77728326706e-07,5.33327502286e-07
JAL,2011,summer,10,13,2.77728326706e-06,3.46662876486e-06
JAL,2011,winter,0,0,0.0,0.0
JAL,2012,fall,0,0,0.0,0.0
JAL,2012,spring,0,0,0.0,0.0
JAL,2012,summer,-1,0,-2.77728326706e-07,0.0
JAL,2012,winter,0,0,0.0,0.0
JAL,2013,fall,25,28,6.943208167660001e-06,7.4665850320000006e-06
JAL,2013,spring,1,2,2.77728326706e-07,5.33327502286e-07
JAL,2013,summer,10,13,2.77728326706e-06,3.46662876486e-06
JAL,2013,winter,0,0,0.0,0.0
JAL,2014,fall,6,8,1.66636996024e-06,2.1333100091400003e-06
JAL,2014,spring,-75,1,-2.0829624503e-05,2.66663751143e-07
JAL,2014,summer,-5,-56,-1.38864163353e-06,-1.4933170064000001e-05
JAL,2014,winter,0,0,0.0,0.0
JAL,2015,fall,20,22,5.55456653413e-06,5.86660252515e-06
JAL,2015,spring,0,1,0.0,2.66663751143e-07
JAL,2015,summer,3,6,8.331849801189999e-07,1.59998250686e-06
JAL,2015,winter,-1,0,-2.77728326706e-07,0.0
JAL,2016,spring,0,0,0.0,0.0
JAL,2016,winter,0,0,0.0,0.0
MEX,2008,fall,0,-8,0.0,-1.0284262147899999e-06
MEX,2008,spring,-1,0,-1.35190197737e-07,0.0
MEX,2008,summer,-1,0,-1.35190197737e-07,0.0
MEX,2008,winter,0,0,0.0,0.0
MEX,2009,fall,0,0,0.0,0.0
MEX,2009,spring,0,0,0.0,0.0
MEX,2009,summer,0,0,0.0,0.0
MEX,2009,winter,0,0,0.0,0.0
MEX,2010,fall,0,0,0.0,0.0
MEX,2010,spring,0,0,0.0,0.0
MEX,2010,summer,-1,-1,-1.35190197737e-07,-1.28553276849e-07
MEX,2010,winter,0,0,0.0,0.0
MEX,2011,fall,0,0,0.0,0.0
MEX,2011,spring,0,0,0.0,0.0
MEX,2011,summer,0,0,0.0,0.0
MEX,2011,winter,0,0,0.0,0.0
MEX,2012,fall,-3,-5,-4.05570593212e-07,-6.42766384244e-07
MEX,2012,spring,0,0,0.0,0.0
MEX,2012,summer,0,0,0.0,0.0
MEX,2012,winter,0,0,0.0,0.0
MEX,2013,fall,0,0,0.0,0.0
MEX,2013,spring,0,0,0.0,0.0
MEX,2013,summer,0,0,0.0,0.0
MEX,2013,winter,0,0,0.0,0.0
MEX,2014,fall,0,0,0.0,0.0
MEX,2014,spring,-78,0,-1.05448354235e-05,0.0
MEX,2014,summer,0,0,0.0,0.0
MEX,2014,winter,0,0,0.0,0.0
MEX,2015,fall,0,0,0.0,0.0
MEX,2015,spring,0,0,0.0,0.0
MEX,2015,summer,0,0,0.0,0.0
MEX,2015,winter,0,0,0.0,0.0
MEX,2016,spring,0,0,0.0,0.0
MEX,2016,winter,0,0,0.0,0.0
MIC,2008,fall,-967,-949,-0.00046001420478199997,-0.000421978827246
MIC,2008,spring,0,0,0.0,0.0
MIC,2008,summer,4,7,1.90285089879e-06,3.11259408927e-06
MIC,2008,winter,0,0,0.0,0.0
MIC,2009,fall,-49,-228,-2.33099235102e-05,-0.000101381636051
MIC,2009,spring,3,8,1.42713817409e-06,3.55725038774e-06
MIC,2009,summer,6,13,2.85427634818e-06,5.78053188008e-06
MIC,2009,winter,0,0,0.0,0.0
MIC,2010,fall,2,4,9.51425449394e-07,1.77862519387e-06
MIC,2010,spring,-1,3,-4.75712724697e-07,1.3339688954e-06
MIC,2010,summer,0,2,0.0,8.89312596935e-07
MIC,2010,winter,0,0,0.0,0.0
MIC,2011,fall,0,0,0.0,0.0
MIC,2011,spring,1,2,4.75712724697e-07,8.89312596935e-07
MIC,2011,summer,2,3,9.51425449394e-07,1.3339688954e-06
MIC,2011,winter,0,0,0.0,0.0
MIC,2012,fall,0,0,0.0,0.0
MIC,2012,spring,1,3,4.75712724697e-07,1.3339688954e-06
MIC,2012,summer,1,1,4.75712724697e-07,4.4465629846800003e-07
MIC,2012,winter,0,0,0.0,0.0
MIC,2013,fall,0,0,0.0,0.0
MIC,2013,spring,1,2,4.75712724697e-07,8.89312596935e-07
MIC,2013,summer,2,3,9.51425449394e-07,1.3339688954e-06
MIC,2013,winter,0,0,0.0,0.0
MIC,2014,fall,1,2,4.75712724697e-07,8.89312596935e-07
MIC,2014,spring,0,0,0.0,0.0
MIC,2014,summer,-8,-8,-3.80570179758e-06,-3.55725038774e-06
MIC,2014,winter,0,-9,0.0,-4.0019066862099994e-06
MIC,2015,fall,7,-84,3.32998907288e-06,-3.73511290713e-05
MIC,2015,spring,0,1,0.0,4.4465629846800003e-07
MIC,2015,summer,3,-30,1.42713817409e-06,-1.3339688954e-05
MIC,2015,winter,0,0,0.0,0.0
MIC,2016,spring,1,4,4.75712724697e-07,1.77862519387e-06
MIC,2016,winter,0,0,0.0,0.0
MOR,2008,fall,0,-888,0.0,-0.000966647399033
MOR,2008,spring,-1,0,-1.16470297745e-06,0.0
MOR,2008,summer,-917,-849,-0.00106803263032,-0.000924193290291
MOR,2008,winter,-1,0,-1.16470297745e-06,0.0
MOR,2009,fall,0,0,0.0,0.0
MOR,2009,spring,0,0,0.0,0.0
MOR,2009,summer,1,2,1.16470297745e-06,2.17713378161e-06
MOR,2009,winter,0,0,0.0,0.0
MOR,2010,fall,4,8,4.65881190979e-06,8.70853512642e-06
MOR,2010,spring,0,0,0.0,0.0
MOR,2010,summer,5,11,5.8235148872300005e-06,1.19742357988e-05
MOR,2010,winter,0,0,0.0,0.0
MOR,2011,fall,1,0,1.16470297745e-06,0.0
MOR,2011,spring,0,0,0.0,0.0
MOR,2011,summer,19,20,2.21293565715e-05,2.17713378161e-05
MOR,2011,winter,0,-1,0.0,-1.0885668908e-06
MOR,2012,fall,0,0,0.0,0.0
MOR,2012,spring,0,0,0.0,0.0
MOR,2012,summer,12,14,1.39764357294e-05,1.52399364712e-05
MOR,2012,winter,0,0,0.0,0.0
MOR,2013,fall,1,0,1.16470297745e-06,0.0
MOR,2013,spring,0,0,0.0,0.0
MOR,2013,summer,19,20,2.21293565715e-05,2.17713378161e-05
MOR,2013,winter,0,0,0.0,0.0
MOR,2014,fall,3,3,3.4941089323400002e-06,3.2657006724099998e-06
MOR,2014,spring,0,0,0.0,0.0
MOR,2014,summer,0,-7,0.0,-7.619968235619999e-06
MOR,2014,winter,0,0,0.0,0.0
MOR,2015,fall,1,-96,1.16470297745e-06,-0.000104502421517
MOR,2015,spring,0,0,0.0,0.0
MOR,2015,summer,3,3,3.4941089323400002e-06,3.2657006724099998e-06
MOR,2015,winter,0,0,0.0,0.0
MOR,2016,spring,0,0,0.0,0.0
MOR,2016,winter,0,0,0.0,0.0
NAY,2008,fall,-1,1,-1.84840491898e-06,1.8383299140400002e-06
NAY,2008,spring,0,0,0.0,0.0
NAY,2008,summer,0,2,0.0,3.6766598280800004e-06
NAY,2008,winter,0,0,0.0,0.0
NAY,2009,fall,-1826,-1415,-0.00337518738205,-0.00260123682837
NAY,2009,spring,0,0,0.0,0.0
NAY,2009,summer,0,0,0.0,0.0
NAY,2009,winter,0,-3,0.0,-5.51498974212e-06
NAY,2010,fall,0,0,0.0,0.0
NAY,2010,spring,0,0,0.0,0.0
NAY,2010,summer,0,0,0.0,0.0
NAY,2010,winter,0,0,0.0,0.0
NAY,2011,fall,0,0,0.0,0.0
NAY,2011,spring,0,0,0.0,0.0
NAY,2011,summer,0,0,0.0,0.0
NAY,2011,winter,0,-1,0.0,-1.8383299140400002e-06
NAY,2012,fall,0,0,0.0,0.0
NAY,2012,spring,0,0,0.0,0.0
NAY,2012,summer,0,0,0.0,0.0
NAY,2012,winter,0,0,0.0,0.0
NAY,2013,fall,0,-10,0.0,-1.83832991404e-05
NAY,2013,spring,0,0,0.0,0.0
NAY,2013,summer,0,0,0.0,0.0
NAY,2013,winter,0,0,0.0,0.0
NAY,2014,fall,0,-82,0.0,-0.000150743052951
NAY,2014,spring,0,0,0.0,0.0
NAY,2014,summer,0,-2,0.0,-3.6766598280800004e-06
NAY,2014,winter,0,0,0.0,0.0
NAY,2015,fall,0,0,0.0,0.0
NAY,2015,spring,0,0,0.0,0.0
NAY,2015,summer,0,1,0.0,1.8383299140400002e-06
NAY,2015,winter,0,-270,0.0,-0.0004963490767910001
NAY,2016,spring,0,0,0.0,0.0
NAY,2016,winter,0,0,0.0,0.0
NLE,2008,fall,6,4,2.58600068529e-06,1.71433004196e-06
NLE,2008,spring,0,0,0.0,0.0
NLE,2008,summer,0,1,0.0,4.28582510491e-07
NLE,2008,winter,0,0,0.0,0.0
NLE,2009,fall,-1,0,-4.3100011421499996e-07,0.0
NLE,2009,spring,0,0,0.0,0.0
NLE,2009,summer,0,0,0.0,0.0
NLE,2009,winter,0,0,0.0,0.0
NLE,2010,fall,5,15,2.15500057108e-06,6.42873765736e-06
NLE,2010,spring,0,1,0.0,4.28582510491e-07
NLE,2010,summer,6,13,2.58600068529e-06,5.5715726363800006e-06
NLE,2010,winter,0,0,0.0,0.0
NLE,2011,fall,-614,43,-0.000264634070128,1.84290479511e-05
NLE,2011,spring,0,7,0.0,3.00007757343e-06
NLE,2011,summer,9,27,3.87900102794e-06,1.15717277832e-05
NLE,2011,winter,-2,-1,-8.620002284299999e-07,-4.28582510491e-07
NLE,2012,fall,0,0,0.0,0.0
NLE,2012,spring,0,1,0.0,4.28582510491e-07
NLE,2012,summer,3,7,1.29300034265e-06,3.00007757343e-06
NLE,2012,winter,0,0,0.0,0.0
NLE,2013,fall,14,43,6.03400159901e-06,1.84290479511e-05
NLE,2013,spring,0,7,0.0,3.00007757343e-06
NLE,2013,summer,9,27,3.87900102794e-06,1.15717277832e-05
NLE,2013,winter,0,0,0.0,0.0
NLE,2014,fall,1,-7124,4.3100011421499996e-07,-0.00305322180474
NLE,2014,spring,5,11,2.15500057108e-06,4.7144076154e-06
NLE,2014,summer,-14,-11,-6.03400159901e-06,-4.7144076154e-06
NLE,2014,winter,0,-1,0.0,-4.28582510491e-07
NLE,2015,fall,-80,0,-3.44800091372e-05,0.0
NLE,2015,spring,2,4,8.620002284299999e-07,1.71433004196e-06
NLE,2015,summer,1,6,4.3100011421499996e-07,2.5714950629400003e-06
NLE,2015,winter,0,0,0.0,0.0
NLE,2016,spring,0,0,0.0,0.0
NLE,2016,winter,0,0,0.0,0.0
OAX,2008,fall,5,3,2.7487509675599997e-06,1.51289439896e-06
OAX,2008,spring,0,0,0.0,0.0
OAX,2008,summer,0,1,0.0,5.042981329869999e-07
OAX,2008,winter,0,-3,0.0,-1.51289439896e-06
OAX,2009,fall,0,0,0.0,0.0
OAX,2009,spring,0,1,0.0,5.042981329869999e-07
OAX,2009,summer,1,8,5.497501935119999e-07,4.0343850639e-06
OAX,2009,winter,0,0,0.0,0.0
OAX,2010,fall,0,0,0.0,0.0
OAX,2010,spring,1,3,5.497501935119999e-07,1.51289439896e-06
OAX,2010,summer,11,16,6.04725212863e-06,8.0687701278e-06
OAX,2010,winter,0,0,0.0,0.0
OAX,2011,fall,11,7,6.04725212863e-06,3.53008693091e-06
OAX,2011,spring,1,0,5.497501935119999e-07,0.0
OAX,2011,summer,1,1,5.497501935119999e-07,5.042981329869999e-07
OAX,2011,winter,0,0,0.0,0.0
OAX,2012,fall,0,0,0.0,0.0
OAX,2012,spring,0,0,0.0,0.0
OAX,2012,summer,8,8,4.3980015481e-06,4.0343850639e-06
OAX,2012,winter,0,0,0.0,0.0
OAX,2013,fall,11,7,6.04725212863e-06,3.53008693091e-06
OAX,2013,spring,1,0,5.497501935119999e-07,0.0
OAX,2013,summer,1,1,5.497501935119999e-07,5.042981329869999e-07
OAX,2013,winter,0,0,0.0,0.0
OAX,2014,fall,11,9,6.04725212863e-06,4.53868319689e-06
OAX,2014,spring,0,0,0.0,0.0
OAX,2014,summer,-14,-19,-7.696502709169999e-06,-9.58166452676e-06
OAX,2014,winter,0,0,0.0,0.0
OAX,2015,fall,0,0,0.0,0.0
OAX,2015,spring,0,-2,0.0,-1.00859626597e-06
OAX,2015,summer,0,0,0.0,0.0
OAX,2015,winter,0,0,0.0,0.0
OAX,2016,spring,0,0,0.0,0.0
OAX,2016,winter,0,0,0.0,0.0
PUE,2008,fall,0,0,0.0,0.0
PUE,2008,spring,0,0,0.0,0.0
PUE,2008,summer,0,0,0.0,0.0
PUE,2008,winter,0,0,0.0,0.0
PUE,2009,fall,0,0,0.0,0.0
PUE,2009,spring,0,0,0.0,0.0
PUE,2009,summer,0,0,0.0,0.0
PUE,2009,winter,0,0,0.0,0.0
PUE,2010,fall,0,1,0.0,3.3222878337199997e-07
PUE,2010,spring,0,0,0.0,0.0
PUE,2010,summer,7,3,2.52720810295e-06,9.96686350115e-07
PUE,2010,winter,0,0,0.0,0.0
PUE,2011,fall,0,0,0.0,0.0
PUE,2011,spring,0,0,0.0,0.0
PUE,2011,summer,8,13,2.88823783194e-06,4.3189741838300005e-06
PUE,2011,winter,0,0,0.0,0.0
PUE,2012,fall,0,0,0.0,0.0
PUE,2012,spring,0,0,0.0,0.0
PUE,2012,summer,0,0,0.0,0.0
PUE,2012,winter,0,0,0.0,0.0
PUE,2013,fall,0,0,0.0,0.0
PUE,2013,spring,0,0,0.0,0.0
PUE,2013,summer,8,13,2.88823783194e-06,4.3189741838300005e-06
PUE,2013,winter,0,0,0.0,0.0
PUE,2014,fall,1,2,3.61029728993e-07,6.64457566743e-07
PUE,2014,spring,0,0,0.0,0.0
PUE,2014,summer,-14,-17,-5.0544162059e-06,-5.64788931732e-06
PUE,2014,winter,0,0,0.0,0.0
PUE,2015,fall,0,0,0.0,0.0
PUE,2015,spring,0,0,0.0,0.0
PUE,2015,summer,0,0,0.0,0.0
PUE,2015,winter,0,0,0.0,0.0
PUE,2016,spring,0,-9,0.0,-2.99005905034e-06
PUE,2016,winter,0,0,0.0,0.0
QUE,2008,fall,0,-3,0.0,-3.1889483804900003e-06
QUE,2008,spring,0,0,0.0,0.0
QUE,2008,summer,0,0,0.0,0.0
QUE,2008,winter,0,0,0.0,0.0
QUE,2009,fall,0,0,0.0,0.0
QUE,2009,spring,0,0,0.0,0.0
QUE,2009,summer,0,0,0.0,0.0
QUE,2009,winter,0,0,0.0,0.0
QUE,2010,fall,-1,0,-1.12715681456e-06,0.0
QUE,2010,spring,0,0,0.0,0.0
QUE,2010,summer,0,0,0.0,0.0
QUE,2010,winter,0,0,0.0,0.0
QUE,2011,fall,0,0,0.0,0.0
QUE,2011,spring,0,0,0.0,0.0
QUE,2011,summer,0,0,0.0,0.0
QUE,2011,winter,0,0,0.0,0.0
QUE,2012,fall,0,0,0.0,0.0
QUE,2012,spring,0,0,0.0,0.0
QUE,2012,summer,0,0,0.0,0.0
QUE,2012,winter,0,0,0.0,0.0
QUE,2013,fall,0,0,0.0,0.0
QUE,2013,spring,0,0,0.0,0.0
QUE,2013,summer,0,0,0.0,0.0
QUE,2013,winter,0,0,0.0,0.0
QUE,2014,fall,0,0,0.0,0.0
QUE,2014,spring,0,0,0.0,0.0
QUE,2014,summer,0,-60,0.0,-6.37789676099e-05
QUE,2014,winter,0,0,0.0,0.0
QUE,2015,fall,0,0,0.0,0.0
QUE,2015,spring,0,0,0.0,0.0
QUE,2015,summer,0,0,0.0,0.0
QUE,2015,winter,0,0,0.0,0.0
QUE,2016,spring,0,0,0.0,0.0
QUE,2016,winter,0,0,0.0,0.0
ROO,2008,fall,0,0,0.0,0.0
ROO,2008,spring,0,1,0.0,1.5329006465799999e-06
ROO,2008,summer,0,1,0.0,1.5329006465799999e-06
ROO,2008,winter,0,0,0.0,0.0
ROO,2009,fall,0,0,0.0,0.0
ROO,2009,spring,0,0,0.0,0.0
ROO,2009,summer,0,0,0.0,0.0
ROO,2009,winter,-1,-1,-1.4853985324299998e-06,-1.5329006465799999e-06
ROO,2010,fall,0,-1,0.0,-1.5329006465799999e-06
ROO,2010,spring,1,0,1.4853985324299998e-06,0.0
ROO,2010,summer,2,2,2.97079706485e-06,3.06580129315e-06
ROO,2010,winter,0,0,0.0,0.0
ROO,2011,fall,10,3,1.48539853243e-05,4.59870193973e-06
ROO,2011,spring,4,2,5.94159412971e-06,3.06580129315e-06
ROO,2011,summer,9,8,1.33685867918e-05,1.22632051726e-05
ROO,2011,winter,0,0,0.0,0.0
ROO,2012,fall,0,0,0.0,0.0
ROO,2012,spring,0,0,0.0,0.0
ROO,2012,summer,0,1,0.0,1.5329006465799999e-06
ROO,2012,winter,0,0,0.0,0.0
ROO,2013,fall,10,3,1.48539853243e-05,4.59870193973e-06
ROO,2013,spring,4,2,5.94159412971e-06,3.06580129315e-06
ROO,2013,summer,9,8,1.33685867918e-05,1.22632051726e-05
ROO,2013,winter,0,0,0.0,0.0
ROO,2014,fall,0,0,0.0,0.0
ROO,2014,spring,0,-56,0.0,-8.58424362083e-05
ROO,2014,summer,-2,-5,-2.97079706485e-06,-7.664503232889999e-06
ROO,2014,winter,0,0,0.0,0.0
ROO,2015,fall,1,0,1.4853985324299998e-06,0.0
ROO,2015,spring,0,0,0.0,0.0
ROO,2015,summer,4,4,5.94159412971e-06,6.13160258631e-06
ROO,2015,winter,0,-359,0.0,-0.0005503113321209999
ROO,2016,spring,-19,0,-2.82225721161e-05,0.0
ROO,2016,winter,0,0,0.0,0.0
SIN,2008,fall,0,0,0.0,0.0
SIN,2008,spring,-1,0,-7.26638041972e-07,0.0
SIN,2008,summer,0,0,0.0,0.0
SIN,2008,winter,0,0,0.0,0.0
SIN,2009,fall,0,0,0.0,0.0
SIN,2009,spring,-3,0,-2.17991412592e-06,0.0
SIN,2009,summer,0,0,0.0,0.0
SIN,2009,winter,0,0,0.0,0.0
SIN,2010,fall,0,0,0.0,0.0
SIN,2010,spring,0,0,0.0,0.0
SIN,2010,summer,0,0,0.0,0.0
SIN,2010,winter,0,0,0.0,0.0
SIN,2011,fall,0,0,0.0,0.0
SIN,2011,spring,0,0,0.0,0.0
SIN,2011,summer,0,0,0.0,0.0
SIN,2011,winter,0,0,0.0,0.0
SIN,2012,fall,0,0,0.0,0.0
SIN,2012,spring,0,0,0.0,0.0
SIN,2012,summer,0,0,0.0,0.0
SIN,2012,winter,0,0,0.0,0.0
SIN,2013,fall,0,0,0.0,0.0
SIN,2013,spring,0,0,0.0,0.0
SIN,2013,summer,0,0,0.0,0.0
SIN,2013,winter,0,0,0.0,0.0
SIN,2014,fall,8,15,5.81310433578e-06,1.07792693093e-05
SIN,2014,spring,1,0,7.26638041972e-07,0.0
SIN,2014,summer,-15,-11,-1.08995706296e-05,-7.90479749346e-06
SIN,2014,winter,0,0,0.0,0.0
SIN,2015,fall,1,3,7.26638041972e-07,2.15585386185e-06
SIN,2015,spring,0,0,0.0,0.0
SIN,2015,summer,0,0,0.0,0.0
SIN,2015,winter,0,0,0.0,0.0
SIN,2016,spring,0,0,0.0,0.0
SIN,2016,winter,0,0,0.0,0.0
SLP,2008,fall,2,0,1.5868406478799998e-06,0.0
SLP,2008,spring,0,0,0.0,0.0
SLP,2008,summer,0,0,0.0,0.0
SLP,2008,winter,0,0,0.0,0.0
SLP,2009,fall,0,-1120,0.0,-0.0008451860616739999
SLP,2009,spring,-1,-2,-7.93420323938e-07,-1.50926082442e-06
SLP,2009,summer,11,13,8.72762356331e-06,9.81019535872e-06
SLP,2009,winter,0,0,0.0,0.0
SLP,2010,fall,0,0,0.0,0.0
SLP,2010,spring,0,0,0.0,0.0
SLP,2010,summer,0,-3,0.0,-2.26389123663e-06
SLP,2010,winter,0,0,0.0,0.0
SLP,2011,fall,3,4,2.3802609718099997e-06,3.01852164884e-06
SLP,2011,spring,1,1,7.93420323938e-07,7.54630412209e-07
SLP,2011,summer,5,5,3.96710161969e-06,3.77315206105e-06
SLP,2011,winter,0,0,0.0,0.0
SLP,2012,fall,0,0,0.0,0.0
SLP,2012,spring,0,0,0.0,0.0
SLP,2012,summer,3,7,2.3802609718099997e-06,5.28241288547e-06
SLP,2012,winter,0,0,0.0,0.0
SLP,2013,fall,3,3,2.3802609718099997e-06,2.26389123663e-06
SLP,2013,spring,1,1,7.93420323938e-07,7.54630412209e-07
SLP,2013,summer,5,5,3.96710161969e-06,3.77315206105e-06
SLP,2013,winter,0,0,0.0,0.0
SLP,2014,fall,0,0,0.0,0.0
SLP,2014,spring,0,0,0.0,0.0
SLP,2014,summer,-11,-8,-8.72762356331e-06,-6.0370432976699995e-06
SLP,2014,winter,0,0,0.0,0.0
SLP,2015,fall,0,0,0.0,0.0
SLP,2015,spring,0,0,0.0,0.0
SLP,2015,summer,0,0,0.0,0.0
SLP,2015,winter,0,0,0.0,0.0
SLP,2016,spring,0,0,0.0,0.0
SLP,2016,winter,0,0,0.0,0.0
SON,2008,fall,0,0,0.0,0.0
SON,2008,spring,0,0,0.0,0.0
SON,2008,summer,0,0,0.0,0.0
SON,2008,winter,0,0,0.0,0.0
SON,2009,fall,0,0,0.0,0.0
SON,2009,spring,0,0,0.0,0.0
SON,2009,summer,0,0,0.0,0.0
SON,2009,winter,0,0,0.0,0.0
SON,2010,fall,0,0,0.0,0.0
SON,2010,spring,0,0,0.0,0.0
SON,2010,summer,0,0,0.0,0.0
SON,2010,winter,0,0,0.0,0.0
SON,2011,fall,0,-1,0.0,-7.55933320634e-07
SON,2011,spring,0,0,0.0,0.0
SON,2011,summer,-1,0,-7.46484803062e-07,0.0
SON,2011,winter,0,-1,0.0,-7.55933320634e-07
SON,2012,fall,0,0,0.0,0.0
SON,2012,spring,-5,-7,-3.7324240153099997e-06,-5.2915332444400005e-06
SON,2012,summer,0,0,0.0,0.0
SON,2012,winter,0,0,0.0,0.0
SON,2013,fall,0,-1,0.0,-7.55933320634e-07
SON,2013,spring,0,0,0.0,0.0
SON,2013,summer,-9,-7,-6.71836322756e-06,-5.2915332444400005e-06
SON,2013,winter,0,0,0.0,0.0
SON,2014,fall,1,0,7.46484803062e-07,0.0
SON,2014,spring,0,0,0.0,0.0
SON,2014,summer,-1,-2,-7.46484803062e-07,-1.51186664127e-06
SON,2014,winter,-78,0,-5.82258146389e-05,0.0
SON,2015,fall,0,-79,0.0,-5.97187323301e-05
SON,2015,spring,1,0,7.46484803062e-07,0.0
SON,2015,summer,2,-83,1.49296960612e-06,-6.27424656126e-05
SON,2015,winter,0,1,0.0,7.55933320634e-07
SON,2016,spring,0,0,0.0,0.0
SON,2016,winter,0,0,0.0,0.0
TAB,2008,fall,5,6,4.54232447096e-06,5.27312595301e-06
TAB,2008,spring,1,0,9.08464894191e-07,0.0
TAB,2008,summer,4,6,3.63385957676e-06,5.27312595301e-06
TAB,2008,winter,0,0,0.0,0.0
TAB,2009,fall,0,0,0.0,0.0
TAB,2009,spring,0,1,0.0,8.788543255010001e-07
TAB,2009,summer,2,7,1.81692978838e-06,6.15198027851e-06
TAB,2009,winter,0,0,0.0,0.0
TAB,2010,fall,0,0,0.0,0.0
TAB,2010,spring,0,0,0.0,0.0
TAB,2010,summer,1,0,9.08464894191e-07,0.0
TAB,2010,winter,0,0,0.0,0.0
TAB,2011,fall,4,3,3.63385957676e-06,2.6365629765e-06
TAB,2011,spring,6,7,5.45078936515e-06,6.15198027851e-06
TAB,2011,summer,16,30,1.45354383071e-05,2.6365629764999998e-05
TAB,2011,winter,-1,0,-9.08464894191e-07,0.0
TAB,2012,fall,0,0,0.0,0.0
TAB,2012,spring,1,2,9.08464894191e-07,1.7577086509999999e-06
TAB,2012,summer,15,19,1.36269734129e-05,1.66982321845e-05
TAB,2012,winter,0,0,0.0,0.0
TAB,2013,fall,4,3,3.63385957676e-06,2.6365629765e-06
TAB,2013,spring,6,7,5.45078936515e-06,6.15198027851e-06
TAB,2013,summer,16,30,1.45354383071e-05,2.6365629764999998e-05
TAB,2013,winter,-1,0,-9.08464894191e-07,0.0
TAB,2014,fall,1,1,9.08464894191e-07,8.788543255010001e-07
TAB,2014,spring,0,0,0.0,0.0
TAB,2014,summer,-3,-4,-2.72539468257e-06,-3.5154173020099998e-06
TAB,2014,winter,0,0,0.0,0.0
TAB,2015,fall,2,4,1.81692978838e-06,3.5154173020099998e-06
TAB,2015,spring,1,1,9.08464894191e-07,8.788543255010001e-07
TAB,2015,summer,1,3,9.08464894191e-07,2.6365629765e-06
TAB,2015,winter,0,0,0.0,0.0
TAB,2016,spring,0,1,0.0,8.788543255010001e-07
TAB,2016,winter,0,0,0.0,0.0
TAM,2008,fall,0,0,0.0,0.0
TAM,2008,spring,-1,0,-6.18734922203e-07,0.0
TAM,2008,summer,-2,1,-1.23746984441e-06,6.051975576649999e-07
TAM,2008,winter,0,0,0.0,0.0
TAM,2009,fall,0,0,0.0,0.0
TAM,2009,spring,0,-1,0.0,-6.051975576649999e-07
TAM,2009,summer,0,0,0.0,0.0
TAM,2009,winter,0,0,0.0,0.0
TAM,2010,fall,0,0,0.0,0.0
TAM,2010,spring,0,0,0.0,0.0
TAM,2010,summer,0,0,0.0,0.0
TAM,2010,winter,0,0,0.0,0.0
TAM,2011,fall,3,5,1.85620476661e-06,3.0259877883200002e-06
TAM,2011,spring,0,2,0.0,1.2103951153299999e-06
TAM,2011,summer,69,75,4.2692709631999996e-05,4.53898168249e-05
TAM,2011,winter,0,0,0.0,0.0
TAM,2012,fall,0,0,0.0,0.0
TAM,2012,spring,0,0,0.0,0.0
TAM,2012,summer,3,5,1.85620476661e-06,3.0259877883200002e-06
TAM,2012,winter,0,0,0.0,0.0
TAM,2013,fall,3,5,1.85620476661e-06,3.0259877883200002e-06
TAM,2013,spring,0,2,0.0,1.2103951153299999e-06
TAM,2013,summer,69,-984,4.2692709631999996e-05,-0.0005955143967419999
TAM,2013,winter,0,0,0.0,0.0
TAM,2014,fall,2,1,1.23746984441e-06,6.051975576649999e-07
TAM,2014,spring,0,0,0.0,0.0
TAM,2014,summer,-13,-9,-8.04355398864e-06,-5.44677801898e-06
TAM,2014,winter,0,0,0.0,0.0
TAM,2015,fall,0,5,0.0,3.0259877883200002e-06
TAM,2015,spring,0,1,0.0,6.051975576649999e-07
TAM,2015,summer,1,2,6.18734922203e-07,1.2103951153299999e-06
TAM,2015,winter,0,0,0.0,0.0
TAM,2016,spring,0,0,0.0,0.0
TAM,2016,winter,0,0,0.0,0.0
TLA,2008,fall,0,0,0.0,0.0
TLA,2008,spring,0,0,0.0,0.0
TLA,2008,summer,0,0,0.0,0.0
TLA,2008,winter,0,0,0.0,0.0
TLA,2009,fall,0,0,0.0,0.0
TLA,2009,spring,0,0,0.0,0.0
TLA,2009,summer,0,0,0.0,0.0
TLA,2009,winter,0,0,0.0,0.0
TLA,2010,fall,0,0,0.0,0.0
TLA,2010,spring,0,0,0.0,0.0
TLA,2010,summer,0,0,0.0,0.0
TLA,2010,winter,0,0,0.0,0.0
TLA,2011,fall,0,0,0.0,0.0
TLA,2011,spring,0,0,0.0,0.0
TLA,2011,summer,0,0,0.0,0.0
TLA,2011,winter,0,0,0.0,0.0
TLA,2012,fall,0,0,0.0,0.0
TLA,2012,spring,0,0,0.0,0.0
TLA,2012,summer,0,0,0.0,0.0
TLA,2012,winter,0,0,0.0,0.0
TLA,2013,fall,0,0,0.0,0.0
TLA,2013,spring,0,0,0.0,0.0
TLA,2013,summer,0,0,0.0,0.0
TLA,2013,winter,0,0,0.0,0.0
TLA,2014,fall,0,0,0.0,0.0
TLA,2014,spring,0,0,0.0,0.0
TLA,2014,summer,0,0,0.0,0.0
TLA,2014,winter,0,0,0.0,0.0
TLA,2015,fall,0,0,0.0,0.0
TLA,2015,spring,0,0,0.0,0.0
TLA,2015,summer,0,0,0.0,0.0
TLA,2015,winter,0,0,0.0,0.0
TLA,2016,spring,0,0,0.0,0.0
TLA,2016,winter,0,0,0.0,0.0
VER,2008,fall,9,-955,2.43527644041e-06,-0.00024192434987599997
VER,2008,spring,0,0,0.0,0.0
VER,2008,summer,5,10,1.35293135578e-06,2.5332392657200002e-06
VER,2008,winter,0,0,0.0,0.0
VER,2009,fall,-1205,-1247,-0.000326056456743,-0.000315894936435
VER,2009,spring,2,2,5.41172542312e-07,5.06647853143e-07
VER,2009,summer,7,9,1.8941038980900002e-06,2.27991533914e-06
VER,2009,winter,-1484,-1319,-0.00040155002639599994,-0.00033413425914799997
VER,2010,fall,1,4,2.70586271156e-07,1.01329570629e-06
VER,2010,spring,0,0,0.0,0.0
VER,2010,summer,0,5,0.0,1.2666196328600001e-06
VER,2010,winter,0,0,0.0,0.0
VER,2011,fall,33,45,8.92934694815e-06,1.13995766957e-05
VER,2011,spring,3,2,8.11758813468e-07,5.06647853143e-07
VER,2011,summer,17,23,4.59996660965e-06,5.82645031115e-06
VER,2011,winter,-15,-20,-4.0587940673400005e-06,-5.06647853143e-06
VER,2012,fall,0,0,0.0,0.0
VER,2012,spring,3,4,8.11758813468e-07,1.01329570629e-06
VER,2012,summer,22,39,5.95289796543e-06,9.87963313629e-06
VER,2012,winter,0,1,0.0,2.5332392657199997e-07
VER,2013,fall,33,45,8.92934694815e-06,1.13995766957e-05
VER,2013,spring,3,2,8.11758813468e-07,5.06647853143e-07
VER,2013,summer,17,23,4.59996660965e-06,5.82645031115e-06
VER,2013,winter,-15,-20,-4.0587940673400005e-06,-5.06647853143e-06
VER,2014,fall,14,23,3.78820779619e-06,5.82645031115e-06
VER,2014,spring,1,1,2.70586271156e-07,2.5332392657199997e-07
VER,2014,summer,-30,-20,-8.117588134680001e-06,-5.06647853143e-06
VER,2014,winter,0,0,0.0,0.0
VER,2015,fall,4,6,1.08234508462e-06,1.5199435594299999e-06
VER,2015,spring,1,1,2.70586271156e-07,2.5332392657199997e-07
VER,2015,summer,10,19,2.70586271156e-06,4.81315460486e-06
VER,2015,winter,0,0,0.0,0.0
VER,2016,spring,0,0,0.0,0.0
VER,2016,winter,0,0,0.0,0.0
YUC,2008,fall,3,2,3.11418792878e-06,2.0156332515e-06
YUC,2008,spring,0,0,0.0,0.0
YUC,2008,summer,1,0,1.03806264293e-06,0.0
YUC,2008,winter,0,0,0.0,0.0
YUC,2009,fall,0,0,0.0,0.0
YUC,2009,spring,0,0,0.0,0.0
YUC,2009,summer,3,1,3.11418792878e-06,1.00781662575e-06
YUC,2009,winter,0,0,0.0,0.0
YUC,2010,fall,0,0,0.0,0.0
YUC,2010,spring,-1,1,-1.03806264293e-06,1.00781662575e-06
YUC,2010,summer,9,6,9.34256378635e-06,6.0468997545e-06
YUC,2010,winter,0,0,0.0,0.0
YUC,2011,fall,25,22,2.59515660732e-05,2.21719657665e-05
YUC,2011,spring,1,2,1.03806264293e-06,2.0156332515e-06
YUC,2011,summer,6,8,6.228375857569999e-06,8.06253300599e-06
YUC,2011,winter,0,1,0.0,1.00781662575e-06
YUC,2012,fall,0,-931,0.0,-0.0009382772785730001
YUC,2012,spring,3,2,3.11418792878e-06,2.0156332515e-06
YUC,2012,summer,11,9,1.14186890722e-05,9.070349631739999e-06
YUC,2012,winter,7,4,7.2664385005e-06,4.031266503e-06
YUC,2013,fall,25,22,2.59515660732e-05,2.21719657665e-05
YUC,2013,spring,1,2,1.03806264293e-06,2.0156332515e-06
YUC,2013,summer,6,8,6.228375857569999e-06,8.06253300599e-06
YUC,2013,winter,1,0,1.03806264293e-06,0.0
YUC,2014,fall,2,3,2.07612528586e-06,3.02344987725e-06
YUC,2014,spring,0,-1,0.0,-1.00781662575e-06
YUC,2014,summer,-2,-5,-2.07612528586e-06,-5.03908312875e-06
YUC,2014,winter,0,0,0.0,0.0
YUC,2015,fall,0,-249,0.0,-0.000250946339812
YUC,2015,spring,0,0,0.0,0.0
YUC,2015,summer,3,4,3.11418792878e-06,4.031266503e-06
YUC,2015,winter,0,0,0.0,0.0
YUC,2016,spring,0,0,0.0,0.0
YUC,2016,winter,0,0,0.0,0.0
ZAC,2008,fall,0,0,0.0,0.0
ZAC,2008,spring,0,0,0.0,0.0
ZAC,2008,summer,0,0,0.0,0.0
ZAC,2008,winter,0,0,0.0,0.0
ZAC,2009,fall,0,0,0.0,0.0
ZAC,2009,spring,0,0,0.0,0.0
ZAC,2009,summer,0,0,0.0,0.0
ZAC,2009,winter,0,0,0.0,0.0
ZAC,2010,fall,0,0,0.0,0.0
ZAC,2010,spring,0,0,0.0,0.0
ZAC,2010,summer,0,0,0.0,0.0
ZAC,2010,winter,0,0,0.0,0.0
ZAC,2011,fall,0,0,0.0,0.0
ZAC,2011,spring,0,0,0.0,0.0
ZAC,2011,summer,0,0,0.0,0.0
ZAC,2011,winter,0,0,0.0,0.0
ZAC,2012,fall,0,0,0.0,0.0
ZAC,2012,spring,0,0,0.0,0.0
ZAC,2012,summer,0,0,0.0,0.0
ZAC,2012,winter,0,0,0.0,0.0
ZAC,2013,fall,0,0,0.0,0.0
ZAC,2013,spring,0,0,0.0,0.0
ZAC,2013,summer,0,0,0.0,0.0
ZAC,2013,winter,0,0,0.0,0.0
ZAC,2014,fall,0,0,0.0,0.0
ZAC,2014,spring,0,0,0.0,0.0
ZAC,2014,summer,0,0,0.0,0.0
ZAC,2014,winter,0,0,0.0,0.0
ZAC,2015,fall,0,0,0.0,0.0
ZAC,2015,spring,0,0,0.0,0.0
ZAC,2015,summer,0,-36,0.0,-4.71345468733e-05
ZAC,2015,winter,0,0,0.0,0.0
ZAC,2016,spring,0,0,0.0,0.0
ZAC,2016,winter,0,0,0.0,0.0
